"mes,""cdi_medio_aa"",""cdi_acumulado_mes"",""ipca_mes"",""ipca_12m"",""indice_precos"",""dolar_medio"",""dolar_fechamento"",""dolar_variacao_mes"",""ibov_medio"",""ibov_fechamento"",""ibov_retorno_mes"""
2021-08-01,5.15,0.319351486102359,0.87,NA,100.87,5.267475,5.1433,NA,119470.125,118781,NA
2021-09-01,5.43571428571429,0.441991275999798,1.16,NA,102.040092,5.27969047619048,5.4394,5.75700425796668,113872.952380952,110979,-6.568390567515
2021-10-01,6.3,0.485988267339343,1.25,NA,103.31559315,5.53998,5.643,3.7430598963121,110091,103501,-6.73821173375143
2021-11-01,7.65,0.586754683888313,0.95,NA,104.297091284925,5.55686,5.6199,-0.409356725146193,104290,101915,-1.53235234442179
2021-12-01,8.75869565217391,0.76908903028301,0.73,NA,105.058460051305,5.65139130434783,5.5805,-0.70108009039308,105894.19047619,104822,2.85237698081735
2022-01-01,9.15,0.732275595391618,0.54,NA,105.625775735582,5.53410476190476,5.3574,-3.99784965504882,106724.380952381,112388,7.21795043025319
2022-02-01,10.4921052631579,0.755033637046032,1.01,NA,106.692596070511,5.19657894736842,5.1394,-4.06913801470863,112851.263157895,113142,0.670890130618917
2022-03-01,11.15,0.927051462307849,1.62,NA,108.421016126854,4.96838181818182,4.7378,-7.81414172860646,115150.045454545,119999,6.06052571105338
2022-04-01,11.65,0.834325163831773,1.06,NA,109.570278897798,4.75801578947368,4.9191,3.82667060661066,115022.052631579,107876,-10.1025841882016
2022-05-01,12.5136363636364,1.03459727750219,0.47,NA,110.085259208618,4.95505,4.7289,-3.86656095627249,107809.227272727,111351,3.2212911120175
2022-06-01,12.8880952380952,1.015323012814,0.67,NA,110.822830445316,5.04920952380952,5.238,10.7657171858149,103746.571428571,98542,-11.503264452048
2022-07-01,13.15,1.03485282884703,-0.68,NA,110.069235198288,5.36807142857143,5.1884,-0.946926307751061,99108.5714285714,103165,4.69140062105498
2022-08-01,13.5847826086957,1.1693635216985,-0.36,8.72706052500616,109.672985951574,5.14328695652174,5.179,-0.181173386785893,110061.826086957,109523,6.16294285852761
2022-09-01,13.65,1.07198303920537,-0.29,7.16859633203206,109.354934292314,5.23695714285714,5.4066,4.394670785866,110720.904761905,110037,0.469307816622999
2022-10-01,13.65,1.02067662025629,0.59,6.4700158522381,110.000128404639,5.2503,5.257,-2.76698849554249,115599.95,116037,5.45271136072412
2022-11-01,13.65,1.02067662025629,0.41,5.90048827858569,110.451128931098,5.27465,5.2941,0.705725699067927,112076.55,112486,-3.06023078845541
2022-12-01,13.65,1.12331551567764,0.62,5.78484195960778,111.135925930471,5.24243181818182,5.2177,-1.44311592149753,107561.476190476,110031,-2.18249382145334
2023-01-01,13.65,1.12331551567764,0.53,5.77432029241467,111.724946337902,5.20068181818182,5.0993,-2.26919907238821,110740.863636364,113532,3.18183057501977
2023-02-01,13.65,0.918141902024949,0.84,5.59630193334415,112.66343588714,5.17168888888889,5.2078,2.12774302355223,108303.444444444,104932,-7.57495684036219
2023-03-01,13.65,1.17467406290721,0.71,4.65069442734787,113.463346281939,5.21146086956522,5.0804,-2.44633050424363,102479.086956522,101882,-2.90664430297717
2023-04-01,13.65,0.918141902024949,0.61,4.18470578206482,114.155472694259,5.01973333333333,5.0007,-1.56877411227462,103897.555555556,104432,2.50289550656642
2023-05-01,13.65,1.12331551567764,0.23,3.93583219405154,114.418030281456,4.98283636363636,5.0959,1.90373347731319,107883.772727273,108335,3.73736019610846
2023-06-01,13.65,1.07198303920537,-0.08,3.16150146845764,114.326495857231,4.85156666666667,4.8192,-5.42985537392806,117180.523809524,118087,9.0017076660359
2023-07-01,13.65,1.07198303920537,0.12,3.99244388866267,114.463687652259,4.80083333333333,4.7415,-1.61230079681275,119255.571428571,121943,3.26538907754452
2023-08-01,13.1934782608696,1.13750612756125,0.23,4.60821608752169,114.72695413386,4.90354347826087,4.9219,3.80470315301065,117601.913043478,115742,-5.08516273996867
2023-09-01,12.975,0.972909746635242,0.26,5.1852346297756,115.025244214608,4.93699,5.0076,1.74119750502855,116960,116565,0.71106426362082
2023-10-01,12.65,0.997571910509132,0.24,4.81924564358986,115.301304800723,5.06484285714286,5.0575,0.99648534227974,114334.619047619,113144,-2.93484322052074
2023-11-01,12.175,0.915991146244832,0.28,4.68353702957069,115.624148454165,4.89834,4.9355,-2.41225902125556,122928.25,127331,12.5388884960758
2023-12-01,11.875,0.894528951725793,0.56,4.62111393056677,116.271643685508,4.897245,4.8413,-1.90862121365616,129733.947368421,134185,5.38282115117292
2024-01-01,11.65,0.966695554178254,0.42,4.50663743069246,116.759984588987,4.91439545454545,4.9535,2.31755933323694,129677.136363636,127752,-4.79412751052651
2024-02-01,11.15,0.80020795318565,0.83,4.49627382126856,117.729092461076,4.96438947368421,4.9833,0.601594831937002,129062.526315789,129020,0.99254806186988
2024-03-01,11,0.831676533502268,0.16,3.9255961268817,117.917459009013,4.980135,4.9962,0.25886460779001,127726.75,128106,-0.708417299643471
2024-04-01,10.65,0.887422936501192,0.38,3.68801649156532,118.365545353248,5.12909545454546,5.1718,3.51467115007407,126333.954545455,125924,-1.70327697375611
2024-05-01,10.4595238095238,0.832433143334921,0.46,3.92595167856582,118.910026861873,5.13304761904762,5.2416,1.34962682238291,126792.285714286,122098,-3.03834058638544
2024-06-01,10.4,0.788328757938417,0.21,4.22757823968254,119.159737918283,5.388975,5.5589,6.05349511599513,121355.4,123907,1.48159675015151
2024-07-01,10.4,0.90711288991514,0.38,4.49824514282198,119.612544922372,5.54204782608696,5.6621,1.85648239759664,127125.043478261,127652,3.02242811140614
2024-08-01,10.4,0.867502632609973,-0.02,4.23759901605647,119.588622413388,5.55261363636364,5.6562,-0.104201621306577,132667.181818182,136004,6.54278820543353
2024-09-01,10.4952380952381,0.835148372429395,0.44,4.42474012739591,120.114812352006,5.54156666666667,5.4481,-3.67914854495951,133764,131816,-3.0793211964354
2024-10-01,10.65,0.927946933866286,0.56,4.75809923394785,120.787455301178,5.62410869565217,5.7779,6.05348653659072,130868.347826087,129713,-1.59540571706015
2024-11-01,11.0447368421053,0.792994478160569,0.39,4.87301138907084,121.258526376852,5.80705789473684,6.0535,4.76989909828831,128271.894736842,125668,-3.11842297996345
2024-12-01,11.7690476190476,0.931436361030458,0.52,4.83129579185964,121.889070714012,6.09702857142857,6.1923,2.29288841166269,124298.315789474,120283,-4.28510042333768
2025-01-01,12.2409090909091,1.01320560994462,0.16,4.55987439267738,122.084093227154,6.02177272727273,5.8301,-5.84919981267058,121901.181818182,126135,4.86519292003027
2025-02-01,13.15,0.98533215656893,1.31,5.05763041477878,123.68339484843,5.765645,5.8488,0.320749215279315,126011.25,122799,-2.6447853490308
2025-03-01,13.5710526315789,0.964034440643036,0.56,5.47718964167485,124.376021859581,5.74681052631579,5.7422,-1.82259608808644,128855.842105263,130260,6.07578237607798
2025-04-01,14.15,1.0558782168431,0.43,5.52972858849778,124.910838753577,5.783675,5.6608,-1.41757514541465,130296.4,135067,3.69031168432365
2025-05-01,14.5547619047619,1.13877962846554,0.26,5.31963555925528,125.235606934337,5.66738571428571,5.7087,0.8461701526286,137409.666666667,137027,1.45113166058326
2025-06-01,14.7375,1.09705482558669,0.24,5.35116523759855,125.536172390979,5.547055,5.4571,-4.40730814371049,137209.8,138855,1.3340436556299
2025-07-01,14.9,1.27573400229093,0.26,5.22522242201262,125.862566439196,5.52849130434783,5.6021,2.65708893001779,136001.565217391,133071,-4.16549638111699
2025-08-01,14.9,1.16415750096508,-0.11,5.13050077750392,125.724117616113,5.44692380952381,5.4264,-3.13632387854554,136420.571428571,141422,6.2755972375649
2025-09-01,14.9,1.21993037753783,0.48,5.17236875869767,126.32759338067,5.36740909090909,5.3186,-1.98658410732714,143730,146237,3.404703652897
2025-10-01,14.9,1.27573400229093,0.09,4.68081134703706,126.441288214713,5.38552608695652,5.3843,1.2352874816681,144415,149540,2.25866230844451
2025-11-01,14.9,1.05270392460022,0.18,4.46183564843285,126.668882533499,5.34085263157895,5.3338,-0.937912077707403,155693.052631579,159072,6.37421425705498
2025-12-01,14.9,1.21993037753783,0.33,4.26438490456891,127.08688984586,5.45309090909091,5.5024,3.1609734148262,159718.7,161125,1.29061054113861
2026-01-01,14.9,1.16415750096508,0.33,4.4413512128135,127.506276582351,5.33802380952381,5.2301,-4.94874963652223,169629.142857143,181364,12.5610550814585
2026-02-01,14.9,0.997023190951163,0.7,3.81249696111259,128.398820518427,5.20061666666667,5.1495,-1.54107952046807,187101.055555556,188787,4.09287399925014
2026-03-01,14.7977272727273,1.21205658460077,0.88,4.14284699121956,129.52873013899,5.23158636363636,5.2194,1.35741334110109,181973.727272727,187462,-0.701849173936764
2026-04-01,14.6375,1.09006245724583,0.67,4.39171967147336,130.396572630921,5.033075,4.9886,-4.42196421044565,192271.95,187318,-0.0768155679551019
2026-05-01,14.4,1.0734258154149,0.58,4.72490688766001,131.15287275218,4.9837,5.0569,1.36912159724172,179169.2,173788,-7.22301113614282
2026-06-01,14.2928571428571,1.11949753394012,0.16,4.64132755255413,131.362717348584,5.12757142857143,5.1766,2.36706282505093,170642.80952381,172024,-1.01502980643082
2026-07-01,14.15,1.21521866958203,NA,NA,NA,5.11394782608696,5.0773,-1.91824749835798,174624.260869565,177999,3.47335255545738
2026-08-01,14.05,0.26118610524799,NA,NA,NA,5.09696666666667,5.0963,0.374214641640247,175643.322916667,172179.9375,-3.26915460199214
